Group02_Song1_Full.mp3,f034d237f011b2119483878307cf23cc07c66be40f724f6c4dea4dea6de86f79,878b87ab87a396319631963556355e345e745e7c7c747c747874787468c468c4,d99476cb113541b0b5c7fa2af8450b7b01307061bb1ffcc66bba073d44e09f95
Group02_Song1_Music.mp3,80a98621b0a1b221b221b23736373cd66cd76ddc49de495e497e4d6e594e576e,a639a639a639a633a633863396b6d6b652b65a9658d658d458d459d459d479c4,dd167cc9a32243b1344edb98fcc417bb033620e5df1afcc4cbb1033b20e59f16
Group02_Song1_Vocals.mp3,8b67972387c3962395cb86ad75ca719c799c79746934683468d8689c68dc68fc,858b878387839331d23152355a715e785e6c7c6c7c6d7c2d7a257a65686568e5,8986644c52be765489963d6b99ab69517ab17a39896ba945767952ba76d48386
Group02_Song2_Full.mp3,ae85eacdeea5ea45ea5bf895fa5a70b9315c11763176116a137215b205a205af,b372b372b324a324aa24a224b255b255b255b255ba55ba55ba57ba55ba35b435,fad7805081d2e8d78050a3faa051e0d781f28040feb701487fbf7eb705687fbf
Group02_Song2_Music.mp3,93d09662a7c2af52e868e174a52663343635712d783d7cbd58995a9b4add0e8b,b336b336b336b334b274b274b274b274b274b274b254b254b254b255b255b255,f3978741c351d19586419352c0d5d19597628441f99c04497dbef8be0e6a7fbe
Group02_Song2_Vocals.mp3,95a4c8ca85a888cacadacca16a5a6cb5790d7d35351575257715753576357e15,937a936a81a8c9a468a46c856cc97c5b7c537c577c477a477a575a1758345d24,a8988bdab09bb1d3f1d395f280d3a1d3b08aab988ebcce2a0e2c7d457f625427
Group02_Song3_Full.mp3,a803c023c023c032843a907e043e057e0eff2fcc1fcc3fcc3fcc3bcc7fc97fc9,aa16aa96aa94aabdaab7abd329d369d368f32ad32ad22a922a922a9b2b5b2951,a06b17dc4a17e8b0154eca3733d0160fa06b7bd44c2fb5f8eab14a1fb7d8842b
Group02_Song3_Music.mp3,88148021d421c2a5c2a0daa94ead4fcf0c5f2e7f3e5f325f335e335273da795a,aad4aa94aa96aa96aa96aa92aa92aa92aa9aaadaaadaaadaaadaaacaab4a2b6c,d0384fcc356be8f7175aca05e5481b83b0336978030f875ce8b53da3f8f096a7
Group02_Song3_Vocals.mp3,b515ca9aa50dca96952e0d5616be25f643e927c152a12fe13be13be13b613b61,aa1eaa9eca8ccaad6cad7d457d437d637de37ca35cb21c921692169316111551,9472c9215ad16da986a37a24b256254b24ca7ad45aa6d526795c3ed9ed799533
Group02_Song4_Full.mp3,a404c80cc00dc00cc48ca4bc575e37e017d217f31f7317f32fd337f36fb36b13,b4f6b4f694e794e7d56fad57a496a496a4962496369e341e355a241a249e2694,eb10eb3049f2f960b9c0b9e679e2596ae7b4e710cb384f3a443db00524c71cef
Group02_Song4_Music.mp3,ac168c309c088619880f9c21548d758e75ae75de67d673d273717b714b716b79,b496b496b496b496b496b496b496b496b496b496b496b496b496b496b496b496,a030aa3c3e7aba0baba52aa5198b1e0baaf4e434f41a7e7e555ac1814be55dcb
Group02_Song4_Vocals.mp3,a00cd94e80adc94ec48da49c155a2eb117d03fa13f7337a32f9337b32fb32593,90779077d865d96dd96dc96f490f6a166a8e6a8e4a0e5b4a5b4a275a269a269c,8b30cf70cd30cb30c778dd354b30c9b0d575b34a88b75de03cc7a28f364f1c87
Group03_Song01_Full.mp3,fe18f631aa60b221a049b20940cd726d54ad5db65dd64dd609d659965dde49de,a00da20fa21fa21be61bf65afe9afe8a7e8a5ea95eed5c845c105c307c307ca8,de6d14b41385e639fc6100ce038efe73ef6203ce68f3ee73039c1084de2cfc31
Group03_Song01_Music.mp3,800fa32da10c9b889bc89dc84bd04956585f7873787178717731747776a776a7,ae0fae0fae0fae0fae0fbe0bfe0bfe0bde0bd68b568a56825612541254525452,d69d903c039dd43cfc4329f023e6fc636e6329f26963fc4303bc0395d41cd60f
Group03_Song01_Vocals.mp3,805ba273805ba225c0ade22d5c8d7fa55d841f821dd61fd21dd25fb25dd05fd2,804d804da257e252e352775277d27dc279a658ec58ed5c645d347d307f383ea8,ca0e5df43771e2abd45d2fc82ba2d13dc8a626c87551e23b23a21dd48aaed037
Group03_Song02_Full.mp3,fe80f820e000e000e00be10b600b0b4b0b900bd91afe1fde1fdc1fff17ff3fff,810e810e802e80a682f43af57af47ef07ff17b915b8942ab52ab52ab56a67fe2,b025f034b064b0319d356bca4fde0ffb0fdb4fda4fca4d1b62cab0e49035b025
Group03_Song02_Music.mp3,9708952894289108f0307131693168b26ab22ae72af76af52acd27ff27df1fdf,80ab80ab80ab80ab82aa2fe03ff03ff03fd03fd03fd06bd06b467b447f447fc4,a001e157c25eab00755d8aaa7f541fa81faf7f541eaa35758abaca8ae15582ab
Group03_Song02_Vocals.mp3,83858ad48f448f478d4b1d4b766f7b4f799d7199747874b870b870b870a270e1,8f4c8f4c8f44aa549ad47ad572f5727270f158b952a952ab52ab52ab54aa74aa,f52483241a763f64b02343d242dfec097c590adf62c2f5834fdf0a7c9d2df524
Group03_Song03_Full.mp3,f2e5f3c1f781f7e1b3df33df2dda7ffa69544c160c280c380c1c0c344d0a1b82,b22eb22db2259225b625b225b265b245b645b645b645b745b74db74da64db255,ddde50a12d484ecc2132d2b4dffe2121274b764e3232de7ede8d2101cfcd8d52
Group03_Song03_Music.mp3,b66cc245ce5f8e0982858c8f0d1c0f3e372733e13bf431f231f271f079f06c72,934d934d9345b365b364b364b264b264b265b245b245b245b265b665b66db66d,8c6d599ef1c4a4ef5392a6259c9b5241bc612efa63242fbaac6950c59cdfc125
Group03_Song03_Vocals.mp3,f2a1f2a1b2e1f3f5f3f673d673d6695a4d564d1e4c2e0c280c0e0c0e0f8a0f8b,b03ab032b0b492b5d6a1f281768174456d456d4d7d4d4d694d6b4f5b4bd34bd1,cc7652b12d4a4e8d3153d2f4cdf472230d0f0fccf373d4764e8c230b4c8df172
Group03_Song04_Full.mp3,89128012c002e002e048724963496b496fcd2ccd3efd1efd1ffd1f7d1f7d1d3f,906d90ed90e590e5b0e5b0c5b0e490e498c89f481f380f3a0fba6fba6fba6fb2,cb20760d48f3186760e8bf12e6f8339510f746ebeb18f7489f1720b714e7c932
Group03_Song04_Music.mp3,860884008000b0a2b0a370a361a369a369f36b576f5e4f5e5f5e5d7e5d7d5f7d,b142b142b142b142b152b152b152b112b9729f3a1fba1fba1fba0fba0fba0fbb,9710765f98a91a7764a9cb12c6c8692f19e536fdeb08e6589b5629af14d78922
Group03_Song04_Vocals.mp3,8e4d9e8d9ecd9e4d9f49996b59aa736a6f22655670b261b661b261b261326132,96ed96ad96ad96ad96a594a596a596a596e99ac98b096b1b691b691269526952,968d869d69b2796279639cdb869d868c63a4797238539b63869c649cc7ac964d
Group05_Song1_Full.mp3,df8adf8adfcafbcbf1e3e1eb275d27ff2575143c1c1c1c1c003420642074203d,a2a0a2a2aaa28a8a8a9e0b9e1f1c1d1d755575717571756175616d634d734f77,f4c1b26c12520a5e3320edb9f5846c1b48d32d5e6db9ada5cedf525a9246d8e1
Group05_Song1_Music.mp3,d481d291d091d298d294949e1a5c1e5e2f5e2f6e2d672d672d6e2d6e29672963,aadaaad2aad2a9d2a5d2b551955555656d256da56d29b929512d5d2555355515,b6899a6a167501454b0cacb2bcae42d245d76d2769b2edadb6db1258974dd389
Group05_Song2_Full.mp3,807b8459effdaf7dbf7daf7d3fdd7fbd5f0570a2708250825082508240826282,a620a220b2229232923292f293f21bf11bb91bb91f3d1d2d1d2d2f3d6b3d6f3d,e03a73d0f542eab0f0c0d550eab0b00a57d1a46a7a84d7710f7f28ae857b5fd5
Group05_Song3_Full.mp3,a100fb00fe00fe80fe00b700be5054fb0bfb40ff00ff01ff01ff01ff03fe0b7e,955795569454855481548154a154ad5c2dbc29ac29ac69bc78bc7cfc7cfc7ebc,b8bce4aef09ef61f7617f816feae9a9c24ae915c756901d501e02ea80b940763
Group05_Song4_Full.mp3,ddead5aad5ead23a962a93fb1bfa3ff23a352e1521442144200524156fd729d5,c22ac22ac02ae808ed08cdc0cdc0cdd0ecf2fcf6bcf6a4762476347f14fb15fb,f6a311dabd088fe339a8691881e7fb8c007bfe0113c62e10c656f1efee38017f
Group07_Song1_Full.mp3,90c8904990cc8149e980e9922d966d1a6f565756563556355ef57eb77733573a,aa54aa54ab5cb1ccb1ccb8dca8d4a8dca8dcb8ccb9ccb0ccb2ccaadcaaccaacc,d92107cbda3642459dba2c8d71f36ac471bbec0d399e6a7442c591abc64153bb
Group07_Song1_Music.mp3,90cc96cc92dca2fcaa7c687c69546c137c835da35d8357a35723572357235723,a8dca8dca8dca8dca8dca8dca8dca8dca8dca8ccb8ccb8ccb8ccb8ccb8ccbacc,a71d2d5a43d6e669ac946943da350aa4e4a5f74b18d3cabd536b3542e72c88b4
Group07_Song1_Vocals.mp3,e080e9018982c90be982e9838cc61f7b12fc527c567c167d16fd36fd16fd167c,8e568e56d328512b51eb54c32cd7a8d528e531a971a957aa569a4e966b5c6b4d,dc2c07d8d83e0bc1b93e26a5699366663193f42533f3f8c046c18f3fc60c9bda
Group07_Song2_Full.mp3,c85ad290d29090d29290b068b8143df82d2c2d2f2d2f276f276f2f6d2f6d6ded,a120a922ad92ed9aa97aa96aa96aa96aa96aa96aad6aad4aad6aa96aa96aad69,a9aed93e3a793ae8dfc6a92e513f3a792ec05ec0a93f513f20298ec056c0a03b
Group07_Song2_Music.mp3,d212d210d210d29092d0929e36a632863fae3dee2d6e2ded2de96de96d696d69,ada2ad22ad22a96aa96aa96aa96aa96aa96aa96aad6aad6aad2aad2aad2aad2a,c2c14db8327f3ed6d5c4ea90493b327b6ec6d5ccaa9151392219e6c655ce2a33
Group07_Song2_Vocals.mp3,a148c8d1b200e94ad294ad69da163d69321656bd17bf47f216a717a617a757ae,a169a36a4792479e479d21fdb13550a152a938e93cf97c57585638723972ad69,bb944d9d08bb0ac95c92a9a49d9f2ae97beb5692a0a40d34a36d72c37f4aa364
Group07_Song3_Full.mp3,9d50ee79bf58be50abd5a54e008701a300a640a340ab51ab5fab7fab5d8f7e4c,958395838d512a596a796a798eb594a58ca9ccc949d909d19bd697969716b73a,f72cfad0f6d0b6a842169796bce308d224bb87be4ad33de6bd214211b52c7861
Group07_Song3_Music.mp3,91a3c8e1d8f1bce1beec2edd2659265f271f271f631e43364b264b264922592a,9c919c918c918c918c918c918dd19dd19dd19dd39dd39d939d939d939d919d99,f70ef4696d6cfc29539593977ef309562ee3838605932c7aac6a1305ca2c7078
Group07_Song3_Voclas.mp3,810668d1810a9506c8d1b52ad2976f2953b456a97e695eb17e997fb93e893e5c,95839582a1486a586a786a7d5aad56a54ead48ed48c94bdd1ad69696b716b72e,a1366a9315d217ac57d695b6aa81a8d3ba9d953e5ed2156ca869ea93a12d6ac1
Group07_Song4_Full.mp3,92e4ffe4f784ffa8ffa0fd8069813f412ad5005f087f007f003f007f227f007b,a2e5a2e582e582e483e582e582e582e582ec8bec8aec8aad8aad9aaf9aee9aee,ffd18d3f8ff3e2010fff60c0f29c10ee729c700803eb7200f0009dffdc148f73
Group07_Song4_Music.mp3,d0ecd5aad689d590d400d9004011417129576a572a572ee72f772f7e3b7d277d,aae5aae582e582e582e582e582e582ed82ed82ed82ed82ed8aed8aec9aec9aec,e32619eea6df60903edf1898d9201dee593062901edde291c9209f6fe122e76f
Group07_Song4_Vocals.mp3,fd177fe8f756dde3e7fc3fd0c9bb367162bc1033003b001f000f003f002f50ab,a0af80bfc05e5174796c7b6d3be93f513f503f502f600fa91ea31ca31c8394d2,f84288a98867b61363bf405e741859ac771c645663bdff129e5849ed9c42bba9
Group08_Song1_Full.mp3,fe02fe00fc00fc00ff00fe80f0816c9001ff01ff01ff01ff01ff01ff03ff02ff,8f0e8f8e978ed685d695d6958a958a968a9a8b4a974a954ad76ad6aac28aca95,80dcb9653f890e984dafc4beb2d8316580fcccbe6d232e98b2d8d167925e3741
Group08_Song1_Music.mp3,bf02bd00bc00fe00fe02fd00d051151802ff03ff00ff00ff42ff42ff42ff43ff,869e869e869e969e9e9e9e9a9e9a8e9e868e868e868e86869696969296929e9a,d0bc94ad3fc12bd26f1bc01e90e4b5a1d0bcc85e2f532fd090e5d02fd0bc37e1
Group08_Song1_Vocals.mp3,807ed68c8e94c68d1d096b856d29697169696b73976ad47e907eb476317270f0,ad2bad2b952b554554d552956a952a94aad2a95a954a556a556a55aa6aaf6ad5,a0dca9a51f83869e71e187818f9a797daa9e8f8079e1c2bc8e163963825e707e
Group08_Song2_Full.mp3,8c7ecbfa8bfacbf08be8c3ed25e87287349f30157016781b6809741574177417,8f798f798f798d7c8d7c8d788d788d788d788d788d688d388d288d288d688d68,8d1a38e6851ab076b73297323266871a38e48d9a38c4cd994ecd7ae5c73b72e5
Group08_Song2_Music.mp3,9e309f78dfd0ffd0dfd0af758b7e6005000f20bf00ef01ff602f102f700f700f,8f798f798f798f788d788d788d788d788d788d788d688d688d288d688d688d68,8d3b5846852b9e77c573c5aa38548d3b70c68f3b725455aa3a8d2ad58da972c4
Group08_Song2_Vocals.mp3,b417ca268d2b4a65afe84be90fe843fd25987004f4977017794b701f75d457d0,8c488c68c96dcc3454b644b16ba9b69b36db735b6157659621b273a972c952d7,84d2b59c16abb2aba172bf4b7d2d41e969492d4d594940a95a8d3e56a6f6d292
Group08_Song3_Full.mp3,ad64ad25a525a405a608d26852ba5a8a5a9a5a9a58da599b59db59db59db59db,e8aae8a0af80bf80bf80bfe0ffe0fe78fe10fe017f015f005e405d505f505fc0,a57ce87d403fa07ea57da97dc07a803e4abda555b45a4aaf5a82b5403f855a82
Group08_Song3_Music.mp3,a520a5e4a524a5e4a6e0d2de5a9f5a8a5a9b5a9b5a5b585b585b595b59135917,bea8bea0afa0af80bf80bf80ff80ff80ff80ff80ff807f005f405f405f405f40,ad05aabd2afeaabaa825a96daabaa2be6aeda505fa0242fa5682b501554552fa
Group08_Song3_Vocals.mp3,e01ac21fa0b6501fa03f78793c7839f11f411fc01ff40fc10fe21fe71fe01fe0,e0a3e0a354071f541fc41fe00bf8c078dc1f5c1f7c0f7c073bc21ff817f851f0,94a948db733872556136684a90aded9cf94b867b76b6525b9ac98da58b4979a0
Group08_Song4_Full.mp3,df74fffcdfef9f79945d8015002b00c32083009a009a238e238e3bda3fea7bb6,8a689a289e289eaa9faa9fbabeb2ae51ae51be599e499648d60ad51ad5108d55,824f95da359b29614967138c36d4d4d2bae42b2c5d646c35b69897da82c7dc73
Group08_Song4_Music.mp3,d754df549d7d9579957fc02b00fb00fa249626a32a836a876a9c6b1c6b0c7b0e,beaa9ea89ea89ea89ea89eb89eb89e389e789e789e5896589650975097509750,c1163d83f31d0fe2c076378c709fc74478f3270c3cf9c3643f89701f8702d8f3
Group08_Song4_Vocals.mp3,8a052bb9802ead99ba0dac955a283ed5415554d6516a51ea61f575d255ea75fb,88458845db2e51aa55ba75ba2dd32fd5ae55ae45be49164a548a55ba6d9a2995,b08f95da15f9e8355b4f0364a6f05452ae462b654b666837a6b097cab08ddc9b
Group09_song1l_vocals.mp3,dba5dba5dbe5daa5c16dc3ed056e5d6a5c3a5c1a7c1a7c12341a2c1a24582659,a7cba7c9e685d495d49554ad72ad7aad382e3d7a0d7a0d7a097a097009721974,ee8afe83ec8efa83e88fe29dc28de299ec8afe42fc42bc421770017c033d017c
Group09_song1_full.mp3,b4d590b5c9b5c9b5c977c96ddb6d4f6a4d2a560a768a368a360a369a265a264a,a6cba6cba691b691b691b69db6ad32ad364a354a355a355835783170397039f4,ec80ee0b8c8da3e9888d2badc88de3a99c8efe42fcc2bc42777241fc033d11bd
Group09_song1_music.mp3,a55a8d30ed16fd32d994c1b0dc954ab24ab502ed32cd3649364b36eb12eb13eb,a6d9b6d9b6d9b6d9b6d1b6c1b6c1b6c1b6c1b6c1b6c1b649b449b401b411b411,a4924aa94a6ba652a6a548adab52cada582db6b4a6d24b6d795e959259ad594f
Group09_song2_full.mp3,e7e0e060ea66c0268266b02e303e32dd32d530993c991dd90ddb0fdf0f9f0fb7,8b068b06cb22cb20cea1c6a1e688f688f688f6c5f6c4f6a4f6acf6acf4a8fce0,ff4b13ed900ede4093cff26b1e60000f5ee1fe6b0bdd74206c300bdffc2209b4
Group09_song2_music.mp3,8781870994ac920d926d9a21843939e279ca69ae78567ad67ad56ad76dd74733,f624f604f600f600d600d700cf00cf81cf81cf85cf85cfa5cfa5cfa5cfa5cfa5,cbc51ae525147591aad7abd71d0504369ec5ebda32f775185d288aefcb2a1421
Group09_song2_vocals.mp3,8067c4a38e4786228a76c57e761d715d7791719d7199759979987998789c788c,8b078b078b27cba1caa164b974f874d874d8345c34ec34ee34ee34ee34ea746a,f80797dfdb0f03fd5fefe245b25df44336e8e06407fda874a010560af8020b92
Group09_song3_full.mp3,f1cfffc7fbc7e1aabc23f0f370f3707370f31672047804180e1c0e3c0a1c0f1c,9c739c739ce99ded9dcd98c39ac35ac33ad332d33253701e705c605861586359,a804a60f888fc62fd42ed50c446fd555556fd5d4556f51ff2bd12a10abd02a3b
Group09_song3_music.mp3,9e55bfc3bec3f0c3fcc7f0e3f9e378e371ea3412093804380f18473c431c471c,b8e3b8e39ae39ee39ee39ac39ad19ed19ed09e54887c883c887c887c807c817c,f30c461fe41e830ee61ee60e831fe5be4e1fb16842570caf19e17a50bda01ed3
Group09_song3_vocals.mp3,88189d18993c9d189937a0f07477766666d366c766e766c562c56acd7a8d780d,8e308c308c3c8d2ccd0c49cc71cb72cb72c372d373d373d371d3715973597349,b92186efbca01eec9c2095eff44585d554c41df05c2c7c1923dfe39683db6a0a
Group09_song4l_music.mp3,9800ab00e700e306e694e20cd15c54d459fe19e657ab54bb1d710df56ffb5a7b,9886988698c69cc69cc698ce98ce98cf98cf9cce9cce98de99ce99c699c69962,d0b7d81fc19fd83fc19f411bb82cc1874c1bf3879e3047db2660bc2423cf0e78
Group09_song4_full.mp3,99ca9984f108d088802a900b801a44b20cbd2ed52f553fd52ff51ef76ef76eff,90009000918699ce9ece3cce3bea1beb1f7316731cf33ceb1cc91ce93dc939cb,fc84dc9cd81fe91b411b013f4139d03dcc99fcc4fcc0fcc6bee42730033b037b
Group09_song4_vocals.mp3,802ad08d910ac089802bd1abb93a2d732eb526553ed43f442ff42ff53ef46ef6,80109110d18c53ce7bce7fee7bea7b62077306312e316c616c296cb96cd92ddb,dc00fc88d88dd89949db49db48bbd839ec99bc04fc84fca4b6202773037f03fb
group12_song1_full.mp3,ec24e425c4a5e4a5e4a5e4a575a539a939fa39583b5a3b5a1b5a1b5a1a5a1e5a,ab5aab5aab56ab54ab54a954a954a954a964a966a966a966a966a953a953a95b,f081e0453ffa0f7d0f7e76f2e085f08360461ffa0f7d0f7ef083f081f4824055
group12_song1_music.mp3,894888009008d481e4a1e4a725a7257325f32dfd3f793b7d0b5e5b7e5b5e5a9e,ae5cae5cae54ab54ab56ab56a956a956a976a966a966a946a942a94aa95aa958,f083e0a4beeb0f3e0f3abeabe0a4f0c360241edb0f3e1f7bf1c5e084f0c34134
group12_song1_vocals.mp3,b937a9549d2795af56a956a956a552996a522b54ab56ab526652664a56ca66ca,9b0a991a9153b1752565655564956c956eac66ae66ce26c65676573345336db1,91d3b2c3667459366d3c6c6c99a991e1a6c998d25a9266d692c39989a56d6f2d
group12_song2_full.mp3,abf5dff5d324cba4d0c0d3246ac874d228d62cd729172d17295738177c5b340b,80f583f58391ab81ab81aad1aad1aaf5aaf5aad1aae1aaa1aaa1aba1abb5ab15,963964d296b964d63497932d69d6932d695693ad4976b1adcb686c5296896c52
group12_song2_music.mp3,83fd81ebd4ead4aad52ad62a762a36137f177b157b546b542b542bd42a846a04,aaf5aaf5aaf5aaf5aaf5aaf1aaf1aad1aad1aa91aa91aa81aa81aa81aa81aa81,a47e5f88ce15a7b8ca68a4175f81807e37884a353790c86a3dd73f85c86f35ca
group12_song2_vocals.mp3,833d94e9833d8b3c68d78b346adc78d06c343cc2752275827cc37d237c9b7c83,81fe81be9703970337833cc23c403c457c657ce178e96a694b294b2dcb3dcb3d,92286cd2b2a82f922f92932c6cd6926d6d56939d7f043799d86dc86690fb6d62
group12_song3_full.mp3,afbde7bdeff3fbf3f1f7e5b7b66f5a2a0a0221591c890888080e0006240c58af,8f1c8f1c8f1c871c871c871c871c871c871c8f1c8f1c8f1dacbdacb9acb9acb9,86669ca78d2c8e2e9ea7863cd8a7cd2786749ac78f1c782f6158a3d370d36518
group12_song3_music.mp3,9eff9edbedf3e5e5e5a5e5bc272d67386308420c5a845a4e5a4a584a1a4a18c2,871c871c8f1c8f1c8f1c8f1c8f1c8f1c8f1c8f1c8f1c8d1dac9dac99ac99acb9,8f1198e38f2e8f2e98a38e38d267e76e9e389891871c786e675c81d178d1671c
group12_song3_vocals.mp3,9e029a829a529af29d5798fb10ff41ff61c7650d75216528651c67a8652d65bd,98e39ae3daca76c964c9645955d9759d351521562b36bb26a2242aacaaab8eb3,c020fe01f0837883f007de05de3c3c07389f3c0fce3ccf3c0ffe31db21c3c3f8
group12_song4_full.mp3,b921ff3ffe2ffc75acb7fc27bca33cf330f003cd0398039803dc01d803c803d0,a195818599a99989918991b9b9b8b9a8b9a8b9b8b9b8b9b8b999b9d999d199a9,fc3225daf5548713b8dcdd554775fa050af5d81503ddca25460235dafc2a26aa
group12_song4_music.mp3,9311c723c723e733f737fc7938f1389838fc34fe2cdc2ccc08cc0acc0bcc0bc9,b1b9b1b9b9b9b9b999b999b999a999a999899988999999899989998999899989,8f7a8683e4e2acc5c626cf5719d578ed4ad5df7c46e678e53919871a99182082
group12_song4_vocals.mp3,e80e8fcfca8ed80f8feaf806e82e0fe1701503f13551317037f13331777135f0,87478747c747c70dc70d653c6dba78ba38ba38ba38b838f039d1195131553975,fc3a03d5f85d8f7338deff550777f88c07fbfc3103dce422402010cdfc0203aa
Group13_Song1_Vocals.mp3,cdff3e0dc9ffbf688b1ef8ea3f0e40ee361440d706354491065145954d9543d4,c1fe81ff37193e117e71648467865c80189098189f0e370f372737667ef06cf9,fca0822f3f48c8e83f3bbe2080e7fe81003fcfd0039b6ec4e4e79937fc64006f
Group14_Song1_Full.mp3,f040f042f040e040e440e848e681742e0fb50df51fb71fb70fb70fb70fbf0fbf,8591873287329b3a5b6a7b4a7348614d6ccd6ccd6cc470f470f570d179d179d1,d4dce372005b086f1a1fff84ff842be408e021e2f780f7a4e5e4087b087fde1d
Group14_Song1_Music.mp3,80008000800080008002802bd68a5c5f75b57edc6dfd2fdc6ffd7fff77ff7fdf,aba8aba8aba8abb8afb76e976ed76ed74457405740764066006e206e286e287f,8de2816a606e226fbe17ff9a7f9a1ad542d171e0d780df9141e8206e286f8e0f
Group14_Song1_Vocals.mp3,8f428b4a87528d4aa5c52ccd64c564ad74b578b17ab75a3372337a32723a733a,8591871287329b7a1b6a7b4a7348614c6ccd6ccd6ccc74b570b570d179d179f1,849d7632cb5b4d6ab3c794b0b4e57870494939669cb1b4a4dc384b5b666e8799
Group14_Song2_Full.mp3,950ad50a9508c108e8212ac13ad12ed12afb2cbf36be16be36bf5e7f4a654b75,89508910c100d108d508d14e915aa3d3a3d3a3f3b3f315f715f735f72be72be7,b5c85a16960ca9d25625e8fe2d2348e7ade129375ced2923adfe564da31296c8
Group14_Song2_Music.mp3,81138112a110b1d8b8ca34ee38eb36ab36b936b9766d766f6bcd4bec4b544b16,b5d1b5d1b5d1b5d3b1d3b1d3a1d3a153a153a953a953a903a927292729272927,b1505e83d4bb87527eaf1bd8a96c58e9257c2d2e58e92b668350d4b9a716d0d1
Group14_Song2_Vocals.mp3,830cd10cc90ccb00d501aa9154f128d334f33cd234fa36fa36fb36fa36eb3f6b,c804c804c804d10cd10cd10cd30cc30c23bc23fd13fa17fe17fe37ff33ff2aff,a29a96da969ea2da57d2a80f3d6a686769635d60686741e0a82f5e0f95b8a29f
Group14_Song3_Full.mp3,9fffdffd904580188014001e4012603a60926ad16ba96ba37ba567f76fa37fdb,aca6aca6aca7aca5aca2acaaacaaacaaacaaacaaacaaacb2aca3a4aba4ada4ad,dfe709330013ffe7c9a7001bffa6f7e6001bede5fee700190618ffe420183218
Group14_Song3_Music.mp3,c115c12088009c609ce71cef18ed2aed238f759f77da779a769a67da729a6229,acaaaca2aca2aca2aca2aca2aca2aca2aca3aca3aca7acafacafacadacada4ad,e74c5ab30058ffa74ab5155aeaa5e45c155aca94ffa3005cb54affa3005c354b
Group14_Song3_Vocals.mp3,80275459a007c258a117627af51366ea7dc25ec06ea93fe26bad7fd22aa15fd2,a536a575b57530e572ad5e2a5e0a4a8a4a8a4aca5bda5f5a567a563a52a652a5,80b3c573c933c0b5c9b7c9db91b5a0abd153aab3cc354b6a36c8b48d3aca354c
Group14_Song4_Full.mp3,9110b913fc01ed05f608ff0c7ec86adc02ce06f60fe70bf302fa02fa03fb4bf6,a1a9a9a9a9b389b389a6a8a6aaaebaacb8cc98cc904e984ebacebac61ad61ed6,e0e8ece2bee63ea6eaf0caf94ae33ea6a83ee03e814b85c3110d781c5f3c1341
Group14_Song4_Music.mp3,91589148b505bd05bd43ff617fc36906038642db429f42fb42fa42fe42fe42fe,abe8a9a8a8aca8ac88eea8ecabe8abc8a9cc88ce88ce89ce99dc99dc99d691d6,8287cadae2f29aa38eb18ef19eb386b3ca4b811ed14ee05e714e19213dd17761
Group14_Song4_Vocals.mp3,fbb84d3682ba6536c0d8641d62cd7c5c22c93e843fc33f029fe31d028fc31d67,80b981b985335d335d336ab66aa67aae794c5d4c504c7a4a6a4e6ac67e865ec6,d583d5823d243c7c42d8c2d963c13f243d3c853e85f397c3bd277c3c681c6ac9
Group17_Song1_Full.mp3,f000b030b400a01080028092c38a48b36b8e58f73e7d7e7f7bef4fef4fe74fff,89a589a78d67957333373337731572cc78cc7ccc78dc729c629c239d23192619,f2d93f6f5d7cebb7f7ef1d5bf2e2ebb51d7db2e3e29015060000a2a111050010
Group17_Song1_Music.mp3,cba0c8309410941094469916183f48a66ee976e877e873cc63cd36d977ef6fe7,b569b569b569956d946dc834ca344ab44ab44ab44ab44ab44b966b9677c237cb,dfd87f7b6777cbb7fff9354bcab2cbb6357f9ba9ca80344200008aac200d2000
Group17_Song1_Vocals.mp3,cba19b22cba1cba2c9e6cbb8e3a67459754c345f345c345f345c345c345d3459,c9a6c9a6c9b6997637733373335b75c974cc74cc34cc344c330c231d2319e719,836c936e9468a3c9b3661d78a3a687c91c49b3478b891c664e9de6997cf64cb8
Group17_Song2_Full.mp3,8e02fe14fe03fc16f211ad4afa2b05c10cee00f509fe01ef01fe03ec61fa71ef,81d883988398e2b662b672367c6e3c6e3e493e497e017e356c356ca72ccf0ccb,f303fa143c0e01cd0c6b2c3ef391f1867e368c6b01e92c2ef790d7d1de167394
Group17_Song2_Music.mp3,858a8dcb8d8a85838780c792e70b1cb4187d387e387c307c727f72f572f572c5,b807b807b807ba0fbbef1bef0be803e803e803e817e812f952f551f541f605d6,da10f541704f0e3e062f715ddd80f84875d1823e0eae315ff9d0cee0f1d17dc1
Group17_Song2_Vocals.mp3,85c9723483e14d1ea2b58d4e6eb637452d4e73c17d265c4330f11c4b7c637c6b,81d883988398c3b663b660367c663c6f3c493e497e017e356c376ca72ccf1ccb,8151f2343d2e09c92deb6caed391911672368d6b5be97d6ef29ec291a4167294
Group17_Song3_Full.mp3,c000d800c800cc00d908f0963daa348a36ba2eef0ff70fff07ff03ff23ff277f,84e2c0e3c155cb54cb14b19cb198399c391c3a9d3e9f3e233e632e636e6346f3,b4a33d78e5afa4630958a4a71b58c083ec255958b6a75ddce6a7e223495ce2a7
Group17_Song3_Music.mp3,c018c000c000d200cb00db025a546d8266f527ef2ff72fef2fef2fe72def34ff,96829693869f849f841ba41ba449a849ab492b696b797b787a787a707a747b74,978f6e728184b43a4bcf90844c7a83cd3cb64b49b4324fcdb4b5b03a4bcdb4b6
Group17_Song3_Vocals.mp3,84f3592cc354ade37b1cb4d73d2a34d5761668694e654e4996c296925f226f23,c1e2c1e3c165cb744b54319c319c399c399c3a9c3e9d3e833e232e636e63c6e3,dc833d08016f01ef3b7cc6e6ff18fc006067399984ff37bcdc21e8017b04c6e7
Group17_Song4_Full.mp3,dfb8f6a996e7a799b667a599251835714918495270e679e64946496649766952,962996a99ae5dae56a647d7a753a75326d946c94789079526d5a8d1ac5998589,b1d11e7a455ae0a22f1ed76b954f2e3ae09054329b7abafdd0a14d1264a5abc5
Group17_Song4_Music.mp3,973096b4e6d4f4c6754e70ca70e630cf30e719a739332b3a0b3b0b334b3b4b31,f0e3f0e3dde0dfe0ffe0def0de30de30df309f309f309f301f301f001f804081,9b73324c52ac89333d4cdfe39e9b25448122d2a9736cbb59c2b344ec8c93af53
Group17_Song4_Vocals.mp3,8f0a32a196a7ad1bbaa5a599ab1a54b7691c695678c4494e4d4e594e5d4e795a,972d962d9aad5ae56a44655a753a659269946895789579526d5acd1ac599859d,f9d3606081d8e6e788183720dfd62c0caf9f575f0c04fb8777e60478e2f3a191
Group20_song1_full.mp3,dbfffb8f98b7ae8bf7ed96ec264c4292516a097359b359b02558021c24582459,8e568a56aa91a9b18d5b945a9654d6649564856c864ea6ddaadda969a97a99ba,fe9fdf80286b016282bc97f8defd096320264204ff8bfed17d43002e0174adfb
Group20_song1_music.mp3,c950c9328822d9e2fdf99f792193358337bd661f664d6e4d7ef75465107010b0,ae5dae5d8e578e928a128c548d548d558f6d9f699f288d0a8d168d168d378d2f,99fadd6022952a0df57edfe0ddb22a85221d254adbf2dda00a85205f254ddab5
Group20_song1_vocals.mp3,88236309d0b6aa4956245a1aae4c5a9351aa99f75d911dfa275c7ef42cfa3579,8a468a166b9179b1753b564a564e56a455642566a64ea2ddaadda969a97a5b9a,b58d5084686a49ca82b495fe02b549cbe94a5214bd8bf281fd4b0f3e43d6adfb
Group20_song2_full.mp3,8c1f86af824cae848a4baa03c213618967f87f6c7dfc7d2c59267167716671b2,8d9c8d9c8d9ccd9ccd98cd98cf994e994e994e194e194e194e194f164f1ecd1c,cdd6119b7ba1c77331462ebc3e24326e6e7c78b11cdc8844ccb173a9a323c746
Group20_song2_music.mp3,b249b06ebe0dbe0cbca4bc0469b269f04d7c4dd3479343c343c343e25f72572e,cc98ce98ce98ce98ce99cf19cd19cd19cd19cd19cd19cd18cd18cd1ccd1ccf1c,b3636dbf33f1df2245d553306850428f82432c2881fdec0cbb2a13f1fe02dbd7
Group20_song2_vocals.mp3,8367c7a38366c687835bc29f8a4326913f997c3c3d383c3c783c781c797c7898,8166816685a685a4c5a4c59866996e996e996ed96a596a5b6a5b7a573a763876,c97681936f898f6331067efc26303a6e5e6c44a9fedc90744cc96f898123db56
Group20_song3_full.mp3,ab46f56bbbefd76bdbabb29f57af7a955cd02cd424742454281404944c145419,804480468162816a856a5b6e6bb72b352bfd2edd2fd92fc92fca2fd23ad23ad2,ffc8952c8d24934b576f2b360243ffebad3e9008b8c87dbca88082c147376ab7
Group20_song3_music.mp3,a006f006f4a7d02fd6aed4abd6af63b563394a716b512b792b7029580ddc0ddc,ab57ab57ab56ab56ab54a954a856aa56aa56ab56ab562b542b54295629562952,f2c960a650d2f5b606fd183a0534d7da6b3f82c1f98646fbf102b90406797d3e
Group20_song3_vocals.mp3,8243d56b82c38160c089aad553a92ad57d903d9c3db43d363d363f363e167f95,804480408062d56ad56a512b5b3f6b3d6bbd6edd2ec96fc92fca2fc23ad23ad2,a548d56a2d6a93cb178e2b3453cabb4a2d3cd47aa0496d7ae87192855fb62a95
Group20_song4_full.mp3,f7f3effbfff389fbd9e0897a496c10827e0c3005661f7605260d368d1684120c,8c0e8c088f21b3333333653a4dfc4d7c545858d95ad55ad552d6635663d667b6,d7c5030b089bfcf19b0c030eecf3ecf3030adf2cfcf4081a64f3f7e5030e20db
Group20_song4_music.mp3,c30cc34ec34cc276c25cc014f835183c3cb23cb13ee23fe33fe33fa33d8b5589,b563b563b563b56bb56bb56b196f492d483d481d48954a944a944ad54ad572d4,d5c789c70d27fc3334379306c9e3c9ed1386f6367c7b09124bc8e3cd838429c9
Group20_song4_vocals.mp3,bca5095b9ca5095bdfac99fb430af4c6635cf684261162b4665462f4768467b7,880c880c8b353333333261ba4dfa4dfa54585ed95ed15ed17752637a63766536,d5d4139b387bbc91978f036abc91bcd1036ad785fc941a3b6870e5c4436f2878
Group21_Song1_Full.mp3,c445d445c445c445c444c444064e270a2fba2bba3bba3bbb3bbb3bbb3bb33bb1,a50aa58ab29b9293d29552b556f455747d744af44ab54ab54ab549564d4e6d6a,c5758201d3750441dbbf254a7bbe2caa7bbe3abe2d6e3abf2441d7548211c544
Group21_Song1_Music.mp3,a90aa009c001c405c415c415441546944eae6eee2eea3ffa3bfa3bfa3bfb3bfb,c4c6c4c6c4c6c4c494c031b933b939f9397939793979393b4b3f4e2f4e074e07,855c8311a55d0305f57f4e0474fb5aae7eba3aba3eba3bba0a84e54d8141c54d
Group21_Song1_Vocals.mp3,b51292b6b5baaa92b2a9a55a4a9564484d4d4d494d6d4d6d4d6d4d6d4d6d4d65,b52ab1bab2bb92b352b5569556d455544f544af44ab54ab54ab549546d4a656a,913266c99b3666499bb6654bd9a664c989366ebdad29bead644999f242c99152
Group21_Song2_Full.mp3,800080018000800082038286323f74fc75f775fc7dfc7dfc75fc3ffe37fe3bf7,9331933191118911cd58cc58ccc8c6c8c6c8d6ecd6adcaed4acd6add6add6ade,cc251337ebd41abaef4e1431e44f16fa775017eec42d952510316ad83bf2ec11
Group21_Song2_Music.mp3,80008001800080028103839a4d166cd56ad77ad57adc6efd7fec7fee7fee7fff,8b198b198b898f898689868d868d868c87888fd48f558f4dcf4deeec66ec66ee,c68d3173c7c42b6ae686b171c48f2afa73c45b2e8819941319794fec33f2e4d1
Group21_Song2_Vocals.mp3,b335bb539365bb33932592b5552d46ea64a84cca44ea6cca6cda4cda4cda4c9a,91379137b136a9526d526d5a6c4a66ca56e856ec56ad4aad4a896ad96ad14ad3,bb3596aeabd36caaaa5146ed925d444e4552556695649525552e6ad36a8aaad9
Group21_Song3_Full.mp3,84018001800380018001da0980013f7e65e07dfc7ff67dfe7dfe7ffc7df677f6,85e085e0a5acadacacbcbc3d3c353d35a575a4713473345329d72997298f290f,e4d43816cf611fbba061f59ca0445fbe4f6b0a63f594a0541f9a4f2b1a6be584
Group21_Song3_Music.mp3,80008201820080008202c28080013f7e75e87ffc7dfd7df37dff7df67dff75ff,ac25ac25ac25ad25ad25ad25ad35a535a535a535a535a535a535a535a5b5a5b5,e84c209bdf6417b3e845e9baa0425fbd57b412d3e92ca04b17ba5f2416d3d92c
Group21_Song3_Vocals.mp3,81a085a18fa181ab8fe189ebbf817e407856705e725e705e707c785e7a567e56,87e087e08188a98c389a3c3e7c3d7e355a75527152535a5378d368cf698f790f,818f1f1460ef7a51a941c296858f7e75706d2c93c19e8f0056be74ef3e61c1ae
Group21_Song4_Full.mp3,f406f426f466e162837a8bf603f703f30af30adb08990a195a9d5f997d195d89,8d5b8d5b855a954ab568ac6c7ae47aa45ab55ab55ab552b77296299229922d52,f179d092da1df400d09adaddf4a2db794a96d728a5415a9e2d45a5615b3e28d5
Group21_Song4_Music.mp3,8c19d408fa04aa4ea3f6a3e223f62bf609ef095b0d5b511b552d562d56ad5e95,a86ea86ea86aa96aad6aa56ab57ab57aa55aa51aa51a259a219a239a279a779a,f528f852fc5ed440fc427c5ed400fd3a2856b7edc2c12bde03add5a12bbe0891
Group21_Song4_Vocals.mp3,a953d2a5854a9295d52aab5552ad2d565ab56d2a78b568ea695c69ec2d4a752a,8d598d5b855b954a75486aec6aa47aa55ab55ab55ab552b552b628862956ad56,8739d787c695a59b97abc69595aa8f1964958729a91252f47874a92a586c78d6
Group22_Song1_Full.mp3,cfc08fc08fe087c09fe09f18c5c5703f507f407f407f703f601f701f701f701f,87c087c083e08be0cbe0cbe0dbe15b4559555155517541f541fdc1fdc1fbc33b,d24800fecd94ccc414dede080ffe6c849e0796df7c030fbeff23f241837b6920
Group22_Song1_Music.mp3,8fc0afc0a7c0a7c0bfe0afc47931485d496f483f493f503f503f501f701f701f,cbc0cbc0cbc0cbc0cbc0cbc0dbe1d9e1c9e1c1f940fb40fb41fb41fb00ff027f,968133fa8db6aaa213febe002afecdb63a4a86ff7b028db7ec00734884fd6900
Group22_Song1_vocals.mp3,8ba8be389a39859296719f3bc1c758337c1f68cc60c478c77cc478c678ce70ce,a4baa4baa6baa2ba6aea4a6a4b444b45595555557555755545c5c5cddd0a5b2a,c1c6e1c1c194d0c664d91b343e6b1e393e371e191a266c999b36d2e6e5d9e1e6
Group22_Song2_Full.mp3,8f249de4b7e087f0f7f0b7f8b3f11bf1482d48574a1f4a1d581d480d5a1d181d,8215821587058d059d079d079f979f97979496b59eb58ea58fa58bad8b298b69,bfb8df72df31deb4df72af2bdf72dfb4ca315f54a4a8494a208c208440462089
Group22_Song2_music.mp3,c404e444e000f430f420fc1cad0d1f2f0bad0beb0bf30beb0bdb1bdb1bdf1bde,8b0d8b0d9b0d9b1d9b959bb59fb797b795b58585850587058705870d870d871f,f9fef9fef9f6fbf2fbf2fbf3fbf1f9f0f9f4e80ccc0cc40c0000000100010001
Group22_Song2_vocals.mp3,93e291f291c291f291e2b1f319c211c67f4c4e5c6e1c6e1c4e1d6e1d6e1d6e2d,a494a494a414a5073d0f1d5f1b1f5b1b5afb5af15af05af85ae818e819e819fa,bfa0cf50023916bf4750ad00ff5016bd0039565fbfa5e940bbaf16bf405fa9a0
Group22_Song3_Full.mp3,8fc087c087c087c0afc9afca6cdb187f187e103f003f603f303f703f783f703e,96c196c197c187c18fc18dc18dc1cdc1cdd389d388f788f782e582f7827f017f,c98089ff3e14372923fdea801dbe9c2ec890a3fd7608367fdc06c9c289f77c02
Group22_Song3_music.mp3,87c0c7c0cfc0cfc0efc0e7d07ede3c7f287f003f003f003f003f303f383f303f,8fc18fc18fc18fc18fc18fc187c187e185e585e581e581e780ff80ff807f807f,a98591efbe253629a3fdfa0018fe9814d8aaa37d7608367fdc82c9c289f75c02
Group22_Song3_vocals.mp3,9be3b3c5a661b3239073887b4a2a4c1a591e7e1c6c5c6c1c7d9c6f9c4dbc49a4,b66db66db66db76ddb5549974993499249924a924a964ab54ab54aa54b24692e,8d834bcf5296e56b23343a94dd6b14ba487dbc34336856b2dccba90dc897434b
Group22_Song4-music.mp3,cb0acb4ecb4e8b488b4e8a6d3e8236ed74b474b5349474b534b574b134b574b1,f87cfa7cea7caa5c820f0703070307830783078305ba25b8edf8f8f8f8f8f87c,e7560e1ad3704f19d3f8ae1cc3fe0f1f503007eb8ed79ce22c0753957809f144
Group22_Song4_Full.mp3,e8408868e8408850bc56b4573e023737559153b152b85ab953be57bd57be77af,9a1c8a3c8a6d8a6d8a6d4a6b4a6b6e43264225c225d625d475dc75dc75dc75dc,f3d81f13c1b01f12d1d00e3fc1fc1e12c0b00df7ab6ebcff2e2f63e81c01e2c8
Group22_Song4_vocals.mp3,9e448e6585429513b5133593359f759341c54aed4aec6aec6aac7aa87ae87b4a,9f158f358a258a2d8a696a696a6a6a6a6a426446354735c575cd758d758d758f,8b981d15c3313db2c51c1bb1831f01ba57bb53f1aaae844c3ae3623b75e1ae4e
Group23_Song1_Full.mp3,ff80fa20e000e000e00be10b600b0b0b0b900bd81afe1fde1fdc1fff17ff3fff,810e810e802e80a682f43af57af47ef07ff17b915b8942ab52ab52ab56a67fe2,b025f034f024b025953d2bca4fda0fdb0fdb4fda0fca0759eac2f0a6f435b025
Group23_Song1_Music.mp3,978a950a9402910af0307131683168b168f12af52afd2add2ecd27ef27df1fdf,80ab80ab80ab80ab82e22fe03ff03fd03fd03fd03fa82ba8abac3bc47fc47fc4,a483e057805ba480795c8aab7d345ba81fae7f748aaa757d8eabea42f455828b
Group23_Song1_Vocals.mp3,87c586d587448f4e8d4b91cb7c6b7b2f799978997030543c7c9878b871b870b8,8f4c8f4c8f44ba549ad472d572f572f178f158b9528942ab52ab52ab54aa74aa,fd2c83341276bde4b1294b9b4edf64016c494adf608bfd894ad602769f64f524
Group23_Song2_Full.mp3,8c7ecbfa8bf8cbf08be8c3ed25e87287349f301d7016781f6809740774137417,8f798f798f798d7c8d7c8d788d788d788d788d788d688d388d288d288d688d68,851a38d6853a3a76b372a3327a668d3b78448d0b78c4cd894ecd72f4873b72f4
Group23_Song2_Music.mp3,9e309f78dff0dfd0dff0af758b766005000f20bf00ff01ff602f002f700f700f,8f798f798f798f788d788d788d788d788d788d688d688d688d688d688d688d68,8f3b50d6853a9e569772c5ba3a548d3b70c68f3b725455aa698d2a558da970c4
Group23_Song2_Vocals.mp3,b4b7c8268d2b0a658fe84be90ff843ed259c7200f496f013f85b701f75d057d1,8c688c688965cc3444b644b563a9368b36db735b635365b661b273ab72c952df,80d2b4941ebed2a0e1723e5f7f2d43e169492d5d5949c1e11e0d3e1ea5f2d2b2
Group23_Song3_Full.mp3,9b05bb1cf309f32fe16ee110e5314c664cf626d92ed916d816b114b314f31cf6,9b6d9b2d9b399b199b1a8992891a891b9b199b5d9b6d9b659b259b3489324932,d2659b64e9a02d9264db745b465b2d9a69a69ba4d32493649b246d932ddb645b
Group23_Song3_Music.mp3,bb35b314b311b326e44ee353ea596e4a4e6a56685cae5cac5cb85cb84cec44ca,9b299b299b399b399b199b199b199b199b199b199b189b389b309b319b319b31,a0249b6e4b42359525fb7c1b46b7b5955bc0cbe4da24c46eda443b9135db641b
Group23_Song3_Vocals.mp3,998899c8914a936b9909c90a49b5427f643766b566d366d366b366b366b564b7,bb649b25b2b7a69264926492649a64da46d9da459b659b659b2559366d3265da,b2459a7c07b46da27c1a42cb1f5a6dc2edb6183c92e59a0d83e065b66c1ae7cb
Group23_Song4_Full.mp3,876d87c587458555b553755375f571f070d27e5a6abe4aae4a2e4a2c1a285aa8,bd39bd39bd29bd298d298d298d298d288d28ad28ad28ad28ad6cad6dad69ad29,96b15c5048b4b34b65cd6ba6354dab4b4ab694599a324c949a32b74b6dcd6ba6
Group23_Song4_Music.mp3,bd789f709ef086b096f454e4754470e670c56e076c074b174b0f6b0b6a0f6a8f,8d398d398d298d298d29ad29ad29ad29ad29ad29bd29bd29bd29bd29b529b129,906be4aa8fa8aea56a8e1ab53ab6e49dcc2da7e29541d122957124dd683e5a5d
Group23_Song4_Vocals.mp3,f387b187b107a947a5532d536d596d5866d856985af842bc52f85ef84e384ab0,bd7bb17bb17bb32b92215aa04aa442a446c44ec24ec64ed64ed64edc4ed46ed4,932c6cdb53b6a74934e54b12b4eda7495bb624c9832c48d24b1ab72d68d3d336
Group24_Song1_Full.mp3,c0ffc0f7ea83e293ee11eeb06fb12c912654064c166d1d6d1d6c192e194e71ee,82d582f580fb80eb80efa0e7a0ede0ede0ffa0d7a095a097a097a0d761d761d7,f68bb6c6ec996dc6e83113669339034a0a6909310b241b3417cee4dbf4dbfe8e
Group24_Song1_Music.mp3,88749d44bd02e9c6b54715e02be901eb20a961bd6bb64abe6ebc66e916791e78,a0c7a0e7a0e7a0e7a0f780f780f580f5a0f5a0f5a0f5a0fda0fda0f5a0f5a0f5,a159df05e2d623c772f6ac5685a95d28a97901a368d412e3ad1bfd1c972be05c
Group24_Song1_Vocals.mp3,c239ee39e679e69be293ee92fa304fb0334435cf156c15ed196c1964194631c6,8e308e389e79d6695869686d68ed6aef6e8f6496749634967592719361166916,9c00b0d4ec9164c6ef3113e69f3b03cf4f2b0b3f4b261b3714cee4d9b4d8f490
Group24_Song2_Full.mp3,c2fec215f2d7f2b5eb0af37671147bda315328c91ce91ce9252a25282d2935a5,827b82fb82ff80f582f582d582d783da817a816a816a806f8075d2f5d2f5d2f7,e81abbe4543d47eeac0b2f191801276a447e50e4f83ca8c2d7fc573d07c2af1b
Group24_Song2_Music.mp3,8ad68a54cad6cad4da94daf61a347ff721232162712b7163716b312b75695529,80f380f380fb80fb80ff80ff80ff80ff80ff80ff80ff80fa807b807b807b80db,da058bb0783e67fe64839e71280307de655e45d49a5dc2819b7c7c7e6582ba23
Group24_Song2_Vocals.mp3,874ad695878a57b5ad0a631469127951387838f918e994edb8eb32e578a578f5,8d0a8d2a9caddcb55ab5529563d56b5a294aa94aa96a396c726552b552b572b5,af6812c5d6bdb3ce8c6b73d44c91295aed1a5093efdaa842528456bdb046af68
Group24_Song3_Full.mp3,81a4e184f984f886f204f315739c729c133506630f7a0ffb06f3067b1e7b1e7b,83d083d087f887f885f885f481f481f483f483f0a7b2a7b2a6b2a6b2a7b2b5b5,f496485efc3ac9dfe91cbd380b4dbdb3485ef4b6405fbc32024103c5bfa00b49
Group24_Song3_Music.mp3,85e08564ea2deb2deb2deaa50b2d363a14d214d215d057d253d35bda15da15db,83d083d087f087f087f087f087f087f087f087f485f085f085f085f295f795f7,f415492ff85aa1cf611e545a21adb4d1592af416436fd872dee10785dd900fe9
Group24_Song3_Vocals.mp3,e190f850f800bc00f1d0f154701671d703ad0f2f0f6b0fef07ef073f0e6f0eeb,9c739c739c6b8ce949cd694d491559355335733666926692669266b267b66724,c58e485ebc39c38f7bbd3831439f95a5385a95a6c2debc70c446438f3d216a51
Group24_Song4_Full.mp3,8b01f940fd00fd60f02df2ccfa7d76cd46ab46bb45bb019b035612d615ba097e,818f818f810f89068b468b568b578b558fc58fcd876d876d87658765c76dc74a,b462f729bd89e562fb09f84860505a81424448585b0dc052edfe3fada5feb7a7
Group24_Song4_Music.mp3,9198b018b0b0f090f8a8e89a6cbb6fcd6f654e454f6547674722176317571f57,c70f870f870f870f870f8fcf8fcf8fcf8fcf8f848f808f808f808f808f808f80,bd52ff12bd4cf852bf13ad486040ad034663244c370bc8f242fc370dd8f6d3b7
Group24_Song4_Vocals.mp3,835d815781979334977596543e451e685e287caa7dab6d8a6cca6cda60af60a7,919a999ab9baa93269126b564a544a545255564d766d766d75657565566e564a,9511a5a9a98aa5d89269cc7d6d5e588e4e56cf545ee839de6d96c621a11721ab
Group25_Song1_Full.mp3,cfe0cd19ed01ed19ed99fea00589272520bf3c3914f636e63067326636e630f6,a7e5a3e5ab65ab65ab65a325a3a5a2a5a2b5a3a1aba1aba18b61836193e093f4,bee14de54052ff2020bd7f127b1e21adba8e5b4e00cebeacdf420153ef31a431
Group25_Song1_Music.mp3,8fe08549ccc4cc99ccc8ef19050b3463301f77ba07f333ee323f3236323e323f,a365a365a365a365a3e5a3a5aba5aba5aba58ba58ba58ba18ba18ba18ba18be1,a96082e3417affb002b57d187e1c008fad8e7f8e814afaa7fd4a0159feb5a071
Group25_Song1_Vocals.mp3,93a4cddb83a941526da99266ed09926d7c367c373c567c46b24536643c457cd6,a7a4a7a5c9e3495b594a5b4c56dc56963699a6992d596959695b5152535292d6,90e64de857d2b2a5ac29131653582cadb22f5f5e1c96a82dd7d657d2e129b0a3
Group25_Song2_Full.mp3,f818f806a939893885d007f607b106b605f403ee27e626e776e776077e077ac7,a564b164b968b968b928b325b325b325b168b968bd58b574b574b52ab52ab56a,f84585d99b2db6190379f22806cadf4d644a13687418037efc86ccc38be7fc97
Group25_Song2_Music.mp3,f818f838890283b987ca07f307fa05ae037305fc06f666d576d57a457e457e45,b124b124b964b16cb16cb16cb56cb568b568b568b568b568b168b978b971b975,bc4507da5a39bc8905f6d06a36b80215e48ccfea6017bfbdfa8945429fe93895
Group25_Song2_Vocals.mp3,85e5d2c6c948ac6ac95552c2a4b552966d3979097549742ab4ad73b735ba793a,a4d684d6594a596b5b2b5aa532b53ab56b554958495ead54a495b4ae35aa752a,ecc184c512bf333df711d62910cf01cfdc4ad628733b337f08eecc80ecc429d7
Group25_Song3_Full.mp3,800b803f803f803fa07f20bfa0eb3dc13fd07ff07fc07f807f807f807f807f84,87938783878387c787438763872b8f2b8f138f518f51af138f1b8e9b869b8703,ce00f7103fa031c0a8cf0c7f531c4bab435f0c6f31df09c95f38f636ce30f790
Group25_Song3_Music.mp3,8102803f803f803f803fa59f56145f407f4c7fea7fa07fc07fc07ec07f407f60,8753875387538743874387438753879387938f938fd387938793879387938793,c907bc207724859ca0eb326f4f9e4bc84a9b32ff36f941d85f94be27c906cd10
Group25_Song3_Vocals.mp3,afe086eaa4a432a9a0fd106b81eb102d78447e147f147f144f5e4f164f5f781f,85928592c69656d456c464ea6d6a696a7a797a59385d3859383b3a3b7a3b7829,c702cf957cea3cf83840a152c31fc3ee031f206238fd30fac7afc705c7007f9d
Group25_Song4_Full.mp3,c091e091e0c0f0c1e601e1e0062c01e007f81fdf0f7f0f5f1f3f1f1f1e3f3ebe,a4d9a4d9a1d9a1d9819b849b849b84d994d995d990d994d995d995d995d995d9,f864062629db39db0607f860062652d539d9071ff8e08626f9f839db07dff8e8
Group25_Song4_Music.mp3,8c998c99ec12ec18ec00e0c011c403e413f413eb13e73b3f3f6f376f366e372f,a4dba4d984d984d984d985d985d985d985d985d985d985d987d987d985d985d9,e86c43003d9f39af5751ecda66a01b5d3bbf1323c85c4220a8ac3ddf17a3ecc8
Group25_Song4_Vocals.mp3,81c0633383e169e1d62dc1e1d62f71e03e9a3c5c3edc3d1ebc1a3c1a3e1e789c,af0fab0fab072b562b8aa68a668a66c354d554d854d554d554f554b554b15db1,a1e23f1eeae3e5d03e3ec3e11e2c558140a15e1dc3e11c3cc3c5ebd33c1ea1e2
